{"epoch":1,"_timestamp":1.7556413312302096e+09,"trainer/global_step":149,"_step":0,"train_direction_loss_x4":0.47638869285583496,"train_loss_x1":1.8044168949127197,"train_loss_x4":1.0685021877288818,"train_bond_loss_x1":0.27571988105773926,"_wandb":{"runtime":821},"train_feature_loss_x1":1.3767579793930054,"train_feature_loss_x4":0.0004451915738172829,"_runtime":821,"train_pos_loss_x1":0.15193909406661987,"train_loss":2.8729190826416016,"train_pos_loss_x4":0.5916683673858643}